<?xml version="1.0" encoding="UTF-8"?>
<!DOCTYPE bugs SYSTEM "leave.dtd">
<leaves>
    <leave>
        <date>2024-01-09</date>
        <faculty_name>Dr. John Jacob</faculty_name>
        <description>Family Function</description>
        <requested_date>2024-04-01</requested_date>
        <till_date>2024-04-07</till_date>
        <action_status>Pending</action_status>
    </leave>
<leave>
    <date>2024-04-02</date>
    <faculty_name>Dr. Samantha Smith</faculty_name>
    <description>Medical Leave</description>
    <requested_date>2024-05-10</requested_date>
    <till_date>2024-05-15</till_date>
    <action_status>Approved</action_status>
</leave>
<leave>
    <date>2023-10-02</date>
    <faculty_name>Dr. Samantha Smith</faculty_name>
    <description>Medical Leave</description>
    <requested_date>2024-05-10</requested_date>
    <till_date>2024-05-15</till_date>
    <action_status>Approved</action_status>
</leave>
<leave>
    <date>2023-10-02</date>
    <faculty_name>Dr. Samantha Smith</faculty_name>
    <description>Medical Leave</description>
    <requested_date>2024-05-10</requested_date>
    <till_date>2024-05-15</till_date>
    <action_status>Approved</action_status>
</leave>

<leave>
    <date>2024-02-14</date>
    <faculty_name>Dr. Sarah Anderson</faculty_name>
    <description>Conference Leave</description>
    <requested_date>2024-11-20</requested_date>
    <till_date>2024-11-25</till_date>
    <action_status>Pending</action_status>
</leave>

<leave>
    <date>2024-03-30</date>
    <faculty_name>Prof. Christopher Martinez</faculty_name>
    <description>Research Leave</description>
    <requested_date>2025-01-05</requested_date>
    <till_date>2025-01-10</till_date>
    <action_status>Pending</action_status>
</leave>

<leave>
    <date>2024-03-30</date>
    <faculty_name>Prof. Christopher Martinez</faculty_name>
    <description>Research Leave</description>
    <requested_date>2025-01-05</requested_date>
    <till_date>2025-01-10</till_date>
    <action_status>Approved</action_status>
</leave>

<leave>
    <date>2024-07-04</date>
    <faculty_name>Prof. Benjamin Thomas</faculty_name>
    <description>Holiday Leave</description>
    <requested_date>2025-05-05</requested_date>
    <till_date>2025-05-10</till_date>
    <action_status>Rejected</action_status>
</leave>

</leaves>
